timestamp,channel,freq,type,subtype,src_mac,dst_mac,bssid,ssid,rssi,noise,antenna,data_rate,mcs,frame_len,sequence,retry,to_ds,from_ds,qos_tid
2026-02-11 21:27:33,2412,2412,0,8,14:ca:56:fc:04:37,ff:ff:ff:ff:ff:ff,14:ca:56:fc:04:37,Slaydude_tgtwifi_2.4G,-40,,,1.0,,496,3833,False,False,False,
2026-02-11 21:27:33,2412,2412,0,8,66:20:e0:46:47:75,ff:ff:ff:ff:ff:ff,66:20:e0:46:47:75,,-68,,,1.0,,423,2149,False,False,False,
2026-02-11 21:27:33,2412,2412,0,8,64:20:e0:e6:47:75,ff:ff:ff:ff:ff:ff,64:20:e0:e6:47:75,NJWifi_2.4G,-68,,,1.0,,500,3670,False,False,False,
2026-02-11 21:27:33,2412,2412,0,8,90:d0:92:16:a8:e1,ff:ff:ff:ff:ff:ff,90:d0:92:16:a8:e1,C_est moi 2G,-83,,,1.0,,436,1480,False,False,False,
2026-02-11 21:27:33,2412,2412,0,8,14:ca:56:fc:04:37,ff:ff:ff:ff:ff:ff,14:ca:56:fc:04:37,Slaydude_tgtwifi_2.4G,-41,,,1.0,,496,3834,False,False,False,
2026-02-11 21:27:33,2412,2412,0,8,0c:01:4b:43:62:e4,ff:ff:ff:ff:ff:ff,0c:01:4b:43:62:e4,MANB_2.4G,-53,,,1.0,,486,3790,False,False,False,
2026-02-11 21:27:33,2412,2412,0,8,fa:8f:ca:7f:c0:c0,ff:ff:ff:ff:ff:ff,fa:8f:ca:7f:c0:c0,Polk MagniFi MAX-9205.l003,-75,,,1.0,,212,3859,False,False,False,
2026-02-11 21:27:33,2412,2412,0,8,66:20:e0:46:47:75,ff:ff:ff:ff:ff:ff,66:20:e0:46:47:75,,-67,,,1.0,,423,2151,False,False,False,
2026-02-11 21:27:33,2412,2412,0,8,0c:01:4b:43:62:e4,ff:ff:ff:ff:ff:ff,0c:01:4b:43:62:e4,MANB_2.4G,-55,,,1.0,,486,3791,False,False,False,
2026-02-11 21:27:33,2412,2412,0,8,14:ca:56:fc:04:37,ff:ff:ff:ff:ff:ff,14:ca:56:fc:04:37,Slaydude_tgtwifi_2.4G,-39,,,1.0,,496,3836,False,False,False,
2026-02-11 21:27:33,2412,2412,0,8,fa:8f:ca:7f:c0:c0,ff:ff:ff:ff:ff:ff,fa:8f:ca:7f:c0:c0,Polk MagniFi MAX-9205.l003,-71,,,1.0,,212,3860,False,False,False,
2026-02-11 21:27:33,2412,2412,0,8,14:ca:56:fc:04:37,ff:ff:ff:ff:ff:ff,14:ca:56:fc:04:37,Slaydude_tgtwifi_2.4G,-39,,,1.0,,496,3837,False,False,False,
2026-02-11 21:27:33,2412,2412,0,8,66:20:e0:46:47:75,ff:ff:ff:ff:ff:ff,66:20:e0:46:47:75,,-68,,,1.0,,423,2153,False,False,False,
2026-02-11 21:27:33,2412,2412,0,8,64:20:e0:e6:47:75,ff:ff:ff:ff:ff:ff,64:20:e0:e6:47:75,NJWifi_2.4G,-68,,,1.0,,500,3674,False,False,False,
2026-02-11 21:27:33,2412,2412,2,0,90:d0:92:16:a8:e1,33:33:00:00:00:fb,36:f5:c2:8e:77:df,,-84,,,1.0,,200,1486,False,False,True,
2026-02-11 21:27:33,2412,2412,0,8,0c:01:4b:43:62:e4,ff:ff:ff:ff:ff:ff,0c:01:4b:43:62:e4,MANB_2.4G,-55,,,1.0,,486,3796,False,False,False,
2026-02-11 21:27:33,2412,2412,0,8,90:d0:92:16:a8:e1,ff:ff:ff:ff:ff:ff,90:d0:92:16:a8:e1,C_est moi 2G,-83,,,1.0,,436,1487,False,False,False,
2026-02-11 21:27:33,2412,2412,0,8,fa:8f:ca:7f:c0:c0,ff:ff:ff:ff:ff:ff,fa:8f:ca:7f:c0:c0,Polk MagniFi MAX-9205.l003,-75,,,1.0,,212,3862,False,False,False,
2026-02-11 21:27:33,2412,2412,0,8,14:ca:56:fc:04:37,ff:ff:ff:ff:ff:ff,14:ca:56:fc:04:37,Slaydude_tgtwifi_2.4G,-39,,,1.0,,496,3838,False,False,False,
2026-02-11 21:27:33,2412,2412,0,8,66:20:e0:46:47:75,ff:ff:ff:ff:ff:ff,66:20:e0:46:47:75,,-73,,,1.0,,423,2154,False,False,False,
2026-02-11 21:27:33,2412,2412,0,8,64:20:e0:e6:47:75,ff:ff:ff:ff:ff:ff,64:20:e0:e6:47:75,NJWifi_2.4G,-68,,,1.0,,500,3675,False,False,False,
2026-02-11 21:27:33,2412,2412,0,8,0c:01:4b:43:62:e4,ff:ff:ff:ff:ff:ff,0c:01:4b:43:62:e4,MANB_2.4G,-58,,,1.0,,486,3798,False,False,False,
2026-02-11 21:27:33,2412,2412,0,8,fa:8f:ca:7f:c0:c0,ff:ff:ff:ff:ff:ff,fa:8f:ca:7f:c0:c0,Polk MagniFi MAX-9205.l003,-75,,,1.0,,212,3863,False,False,False,
2026-02-11 21:27:33,2412,2412,0,8,66:20:e0:46:47:75,ff:ff:ff:ff:ff:ff,66:20:e0:46:47:75,,-68,,,1.0,,423,2155,False,False,False,
2026-02-11 21:27:33,2412,2412,0,8,64:20:e0:e6:47:75,ff:ff:ff:ff:ff:ff,64:20:e0:e6:47:75,NJWifi_2.4G,-68,,,1.0,,500,3676,False,False,False,
2026-02-11 21:27:33,2412,2412,0,13,64:20:e0:a1:08:36,6a:6b:ab:54:36:f1,ff:ff:ff:ff:ff:ff,,-86,,,1.0,,79,3870,True,False,False,
2026-02-11 21:27:33,2412,2412,0,13,64:20:e0:a1:08:36,6a:6b:ab:54:36:f1,ff:ff:ff:ff:ff:ff,,-84,,,1.0,,79,3870,True,False,False,
2026-02-11 21:27:33,2412,2412,0,13,64:20:e0:a1:08:36,6a:6b:ab:54:36:f1,ff:ff:ff:ff:ff:ff,,-83,,,1.0,,79,3870,True,False,False,
2026-02-11 21:27:33,2412,2412,0,8,fa:8f:ca:7f:c0:c0,ff:ff:ff:ff:ff:ff,fa:8f:ca:7f:c0:c0,Polk MagniFi MAX-9205.l003,-74,,,1.0,,212,3864,False,False,False,
2026-02-11 21:27:34,2412,2412,0,8,66:20:e0:46:47:75,ff:ff:ff:ff:ff:ff,66:20:e0:46:47:75,,-69,,,1.0,,423,2156,False,False,False,
2026-02-11 21:27:34,2412,2412,0,8,64:20:e0:e6:47:75,ff:ff:ff:ff:ff:ff,64:20:e0:e6:47:75,NJWifi_2.4G,-67,,,1.0,,500,3677,False,False,False,
2026-02-11 21:27:34,2412,2412,2,0,30:16:9d:01:ba:14,ff:ff:ff:ff:ff:ff,44:13:d0:f8:15:5b,,-86,,,1.0,,118,1258,False,False,True,
2026-02-11 21:27:34,2412,2412,0,8,fa:8f:ca:7f:c0:c0,ff:ff:ff:ff:ff:ff,fa:8f:ca:7f:c0:c0,Polk MagniFi MAX-9205.l003,-74,,,1.0,,212,3865,False,False,False,
2026-02-11 21:27:34,2412,2412,0,8,14:ca:56:fc:04:37,ff:ff:ff:ff:ff:ff,14:ca:56:fc:04:37,Slaydude_tgtwifi_2.4G,-40,,,1.0,,496,3841,False,False,False,
2026-02-11 21:27:34,2412,2412,0,8,66:20:e0:46:47:75,ff:ff:ff:ff:ff:ff,66:20:e0:46:47:75,,-68,,,1.0,,423,2157,False,False,False,
2026-02-11 21:27:34,2412,2412,0,8,64:20:e0:e6:47:75,ff:ff:ff:ff:ff:ff,64:20:e0:e6:47:75,NJWifi_2.4G,-68,,,1.0,,500,3678,False,False,False,
2026-02-11 21:27:34,2412,2412,0,8,fa:8f:ca:7f:c0:c0,ff:ff:ff:ff:ff:ff,fa:8f:ca:7f:c0:c0,Polk MagniFi MAX-9205.l003,-76,,,1.0,,212,3866,False,False,False,
2026-02-11 21:27:34,2412,2412,0,8,66:20:e0:46:47:75,ff:ff:ff:ff:ff:ff,66:20:e0:46:47:75,,-68,,,1.0,,423,2158,False,False,False,
2026-02-11 21:27:34,2412,2412,0,8,0c:01:4b:43:62:e4,ff:ff:ff:ff:ff:ff,0c:01:4b:43:62:e4,MANB_2.4G,-53,,,1.0,,486,3802,False,False,False,
2026-02-11 21:27:34,2412,2412,0,8,fa:8f:ca:7f:c0:c0,ff:ff:ff:ff:ff:ff,fa:8f:ca:7f:c0:c0,Polk MagniFi MAX-9205.l003,-75,,,1.0,,212,3867,False,False,False,
2026-02-11 21:27:34,2412,2412,0,8,14:ca:56:fc:04:37,ff:ff:ff:ff:ff:ff,14:ca:56:fc:04:37,Slaydude_tgtwifi_2.4G,-39,,,1.0,,496,3843,False,False,False,
2026-02-11 21:27:34,2412,2412,0,8,66:20:e0:46:47:75,ff:ff:ff:ff:ff:ff,66:20:e0:46:47:75,,-68,,,1.0,,423,2159,False,False,False,
2026-02-11 21:27:34,2412,2412,0,8,b8:59:c8:04:6b:50,ff:ff:ff:ff:ff:ff,b8:59:c8:04:6b:50,70mai_Pro Plus+_6b50,-81,,,1.0,,268,1854,False,False,False,
2026-02-11 21:27:34,2412,2412,0,8,fa:8f:ca:7f:c0:c0,ff:ff:ff:ff:ff:ff,fa:8f:ca:7f:c0:c0,Polk MagniFi MAX-9205.l003,-75,,,1.0,,212,3868,False,False,False,
2026-02-11 21:27:34,2412,2412,0,8,14:ca:56:fc:04:37,ff:ff:ff:ff:ff:ff,14:ca:56:fc:04:37,Slaydude_tgtwifi_2.4G,-39,,,1.0,,496,3844,False,False,False,
2026-02-11 21:27:34,2412,2412,0,8,0c:01:4b:43:62:e4,ff:ff:ff:ff:ff:ff,0c:01:4b:43:62:e4,MANB_2.4G,-55,,,1.0,,486,3804,False,False,False,
2026-02-11 21:27:34,2412,2412,0,8,fa:8f:ca:7f:c0:c0,ff:ff:ff:ff:ff:ff,fa:8f:ca:7f:c0:c0,Polk MagniFi MAX-9205.l003,-75,,,1.0,,212,3869,False,False,False,
2026-02-11 21:27:34,2412,2412,0,8,14:ca:56:fc:04:37,ff:ff:ff:ff:ff:ff,14:ca:56:fc:04:37,Slaydude_tgtwifi_2.4G,-39,,,1.0,,496,3845,False,False,False,
2026-02-11 21:27:34,2412,2412,0,8,66:20:e0:46:47:75,ff:ff:ff:ff:ff:ff,66:20:e0:46:47:75,,-68,,,1.0,,423,2161,False,False,False,
2026-02-11 21:27:34,2412,2412,0,8,fa:8f:ca:7f:c0:c0,ff:ff:ff:ff:ff:ff,fa:8f:ca:7f:c0:c0,Polk MagniFi MAX-9205.l003,-74,,,1.0,,212,3870,False,False,False,
2026-02-11 21:27:34,2412,2412,0,5,fa:8f:ca:7f:c0:c0,bc:10:2f:31:c7:4d,fa:8f:ca:7f:c0:c0,Polk MagniFi MAX-9205.l003,-74,,,1.0,,206,565,False,False,False,
2026-02-11 21:27:34,2412,2412,1,13,,92:24:71:cb:ee:c3,,,-56,,,1.0,,52,,False,False,False,
2026-02-11 21:27:34,2412,2412,0,8,b8:59:c8:04:6b:50,ff:ff:ff:ff:ff:ff,b8:59:c8:04:6b:50,70mai_Pro Plus+_6b50,-81,,,1.0,,268,1857,False,False,False,
2026-02-11 21:27:34,2412,2412,0,8,0c:01:4b:43:62:e4,ff:ff:ff:ff:ff:ff,0c:01:4b:43:62:e4,MANB_2.4G,-53,,,1.0,,486,3806,False,False,False,
2026-02-11 21:27:34,2412,2412,0,8,fa:8f:ca:7f:c0:c0,ff:ff:ff:ff:ff:ff,fa:8f:ca:7f:c0:c0,Polk MagniFi MAX-9205.l003,-75,,,1.0,,212,3871,False,False,False,
2026-02-11 21:27:34,2412,2412,0,8,14:ca:56:fc:04:37,ff:ff:ff:ff:ff:ff,14:ca:56:fc:04:37,Slaydude_tgtwifi_2.4G,-39,,,1.0,,496,3847,False,False,False,
2026-02-11 21:27:34,2412,2412,0,8,0c:01:4b:43:62:e4,ff:ff:ff:ff:ff:ff,0c:01:4b:43:62:e4,MANB_2.4G,-55,,,1.0,,486,3807,False,False,False,
2026-02-11 21:27:34,2412,2412,0,8,90:d0:92:16:a8:e1,ff:ff:ff:ff:ff:ff,90:d0:92:16:a8:e1,C_est moi 2G,-82,,,1.0,,436,1497,False,False,False,
2026-02-11 21:27:34,2412,2412,0,8,14:ca:56:fc:04:37,ff:ff:ff:ff:ff:ff,14:ca:56:fc:04:37,Slaydude_tgtwifi_2.4G,-41,,,1.0,,496,3848,False,False,False,
2026-02-11 21:27:34,2412,2412,0,8,64:20:e0:e6:47:75,ff:ff:ff:ff:ff:ff,64:20:e0:e6:47:75,NJWifi_2.4G,-68,,,1.0,,500,3685,False,False,False,
2026-02-11 21:27:34,2412,2412,0,8,0c:01:4b:43:62:e4,ff:ff:ff:ff:ff:ff,0c:01:4b:43:62:e4,MANB_2.4G,-54,,,1.0,,486,3808,False,False,False,
2026-02-11 21:27:34,2412,2412,0,8,fa:8f:ca:7f:c0:c0,ff:ff:ff:ff:ff:ff,fa:8f:ca:7f:c0:c0,Polk MagniFi MAX-9205.l003,-74,,,1.0,,212,3873,False,False,False,
2026-02-11 21:27:34,2412,2412,0,8,0c:01:4b:43:62:e4,ff:ff:ff:ff:ff:ff,0c:01:4b:43:62:e4,MANB_2.4G,-55,,,1.0,,486,3809,False,False,False,
2026-02-11 21:27:35,2412,2412,0,8,fa:8f:ca:7f:c0:c0,ff:ff:ff:ff:ff:ff,fa:8f:ca:7f:c0:c0,Polk MagniFi MAX-9205.l003,-74,,,1.0,,212,3874,False,False,False,
2026-02-11 21:27:35,2412,2412,0,8,66:20:e0:46:47:75,ff:ff:ff:ff:ff:ff,66:20:e0:46:47:75,,-69,,,1.0,,423,2166,False,False,False,
2026-02-11 21:27:35,2412,2412,0,8,0c:01:4b:43:62:e4,ff:ff:ff:ff:ff:ff,0c:01:4b:43:62:e4,MANB_2.4G,-55,,,1.0,,486,3810,False,False,False,
2026-02-11 21:27:35,2412,2412,0,8,fa:8f:ca:7f:c0:c0,ff:ff:ff:ff:ff:ff,fa:8f:ca:7f:c0:c0,Polk MagniFi MAX-9205.l003,-76,,,1.0,,212,3875,False,False,False,
2026-02-11 21:27:35,2412,2412,0,8,64:20:e0:e6:47:75,ff:ff:ff:ff:ff:ff,64:20:e0:e6:47:75,NJWifi_2.4G,-67,,,1.0,,500,3688,False,False,False,
2026-02-11 21:27:35,2412,2412,0,8,0c:01:4b:43:62:e4,ff:ff:ff:ff:ff:ff,0c:01:4b:43:62:e4,MANB_2.4G,-54,,,1.0,,486,3811,False,False,False,
2026-02-11 21:27:35,2412,2412,0,8,fa:8f:ca:7f:c0:c0,ff:ff:ff:ff:ff:ff,fa:8f:ca:7f:c0:c0,Polk MagniFi MAX-9205.l003,-75,,,1.0,,212,3876,False,False,False,
2026-02-11 21:27:35,2412,2412,0,8,0c:01:4b:43:62:e4,ff:ff:ff:ff:ff:ff,0c:01:4b:43:62:e4,MANB_2.4G,-53,,,1.0,,486,3812,False,False,False,
2026-02-11 21:27:35,2412,2412,0,8,fa:8f:ca:7f:c0:c0,ff:ff:ff:ff:ff:ff,fa:8f:ca:7f:c0:c0,Polk MagniFi MAX-9205.l003,-75,,,1.0,,212,3877,False,False,False,
2026-02-11 21:27:35,2412,2412,0,8,90:d0:92:16:a8:e1,ff:ff:ff:ff:ff:ff,90:d0:92:16:a8:e1,C_est moi 2G,-81,,,1.0,,436,1503,False,False,False,
2026-02-11 21:27:35,2412,2412,0,8,fa:8f:ca:7f:c0:c0,ff:ff:ff:ff:ff:ff,fa:8f:ca:7f:c0:c0,Polk MagniFi MAX-9205.l003,-74,,,1.0,,212,3878,False,False,False,
2026-02-11 21:27:35,2412,2412,0,8,14:ca:56:fc:04:37,ff:ff:ff:ff:ff:ff,14:ca:56:fc:04:37,Slaydude_tgtwifi_2.4G,-40,,,1.0,,496,3854,False,False,False,
2026-02-11 21:27:35,2412,2412,0,8,66:20:e0:46:47:75,ff:ff:ff:ff:ff:ff,66:20:e0:46:47:75,,-68,,,1.0,,423,2170,False,False,False,
2026-02-11 21:27:35,2412,2412,0,8,64:20:e0:e6:47:75,ff:ff:ff:ff:ff:ff,64:20:e0:e6:47:75,NJWifi_2.4G,-68,,,1.0,,500,3691,False,False,False,
2026-02-11 21:27:35,2412,2412,1,11,e8:48:b8:da:b9:e7,3e:cd:57:0b:b1:2e,,,-86,,,1.0,,58,,False,False,False,
2026-02-11 21:27:35,2412,2412,0,8,fa:8f:ca:7f:c0:c0,ff:ff:ff:ff:ff:ff,fa:8f:ca:7f:c0:c0,Polk MagniFi MAX-9205.l003,-75,,,1.0,,212,3880,False,False,False,
2026-02-11 21:27:35,2412,2412,0,8,14:ca:56:fc:04:37,ff:ff:ff:ff:ff:ff,14:ca:56:fc:04:37,Slaydude_tgtwifi_2.4G,-40,,,1.0,,496,3856,False,False,False,
2026-02-11 21:27:35,2412,2412,0,8,0c:01:4b:43:62:e4,ff:ff:ff:ff:ff:ff,0c:01:4b:43:62:e4,MANB_2.4G,-55,,,1.0,,486,3818,False,False,False,
2026-02-11 21:27:35,2412,2412,0,8,fa:8f:ca:7f:c0:c0,ff:ff:ff:ff:ff:ff,fa:8f:ca:7f:c0:c0,Polk MagniFi MAX-9205.l003,-75,,,1.0,,212,3882,False,False,False,
2026-02-11 21:27:35,2412,2412,0,8,66:20:e0:46:47:75,ff:ff:ff:ff:ff:ff,66:20:e0:46:47:75,,-70,,,1.0,,423,2174,False,False,False,
2026-02-11 21:27:35,2412,2412,0,8,64:20:e0:e6:47:75,ff:ff:ff:ff:ff:ff,64:20:e0:e6:47:75,NJWifi_2.4G,-68,,,1.0,,500,3695,False,False,False,
2026-02-11 21:27:35,2412,2412,0,8,0c:01:4b:43:62:e4,ff:ff:ff:ff:ff:ff,0c:01:4b:43:62:e4,MANB_2.4G,-56,,,1.0,,486,3819,False,False,False,
2026-02-11 21:27:35,2412,2412,0,8,14:ca:56:fc:04:37,ff:ff:ff:ff:ff:ff,14:ca:56:fc:04:37,Slaydude_tgtwifi_2.4G,-40,,,1.0,,496,3859,False,False,False,
2026-02-11 21:27:35,2412,2412,0,8,66:20:e0:46:47:75,ff:ff:ff:ff:ff:ff,66:20:e0:46:47:75,,-68,,,1.0,,423,2175,False,False,False,
2026-02-11 21:27:36,2412,2412,0,8,fa:8f:ca:7f:c0:c0,ff:ff:ff:ff:ff:ff,fa:8f:ca:7f:c0:c0,Polk MagniFi MAX-9205.l003,-75,,,1.0,,212,3884,False,False,False,
2026-02-11 21:27:36,2412,2412,2,12,e8:48:b8:da:b9:e7,d6:06:3a:9e:95:40,e8:48:b8:da:b9:e7,,-88,,,1.0,,68,1970,True,False,True,6
2026-02-11 21:27:36,2412,2412,2,12,56:58:df:da:b6:69,14:ca:56:fc:04:37,14:ca:56:fc:04:37,,-62,,,1.0,,68,2666,False,True,False,6
2026-02-11 21:27:36,2412,2412,1,13,,56:58:df:da:b6:69,,,-38,,,1.0,,52,,False,False,False,
2026-02-11 21:27:36,2412,2412,0,5,fa:8f:ca:7f:c0:c0,bc:10:2f:31:c7:4d,fa:8f:ca:7f:c0:c0,Polk MagniFi MAX-9205.l003,-73,,,1.0,,206,566,False,False,False,
2026-02-11 21:27:36,2412,2412,0,8,fa:8f:ca:7f:c0:c0,ff:ff:ff:ff:ff:ff,fa:8f:ca:7f:c0:c0,Polk MagniFi MAX-9205.l003,-76,,,1.0,,212,3885,False,False,False,
2026-02-11 21:27:36,2412,2412,0,8,64:20:e0:e6:47:75,ff:ff:ff:ff:ff:ff,64:20:e0:e6:47:75,NJWifi_2.4G,-68,,,1.0,,500,3698,False,False,False,
2026-02-11 21:27:36,2412,2412,0,8,0c:01:4b:43:62:e4,ff:ff:ff:ff:ff:ff,0c:01:4b:43:62:e4,MANB_2.4G,-55,,,1.0,,486,3822,False,False,False,
2026-02-11 21:27:36,2412,2412,0,8,fa:8f:ca:7f:c0:c0,ff:ff:ff:ff:ff:ff,fa:8f:ca:7f:c0:c0,Polk MagniFi MAX-9205.l003,-75,,,1.0,,212,3886,False,False,False,
2026-02-11 21:27:36,2412,2412,0,8,14:ca:56:fc:04:37,ff:ff:ff:ff:ff:ff,14:ca:56:fc:04:37,Slaydude_tgtwifi_2.4G,-41,,,1.0,,496,3862,False,False,False,
2026-02-11 21:27:36,2412,2412,0,8,64:20:e0:e6:47:75,ff:ff:ff:ff:ff:ff,64:20:e0:e6:47:75,NJWifi_2.4G,-68,,,1.0,,500,3699,False,False,False,
2026-02-11 21:27:36,2412,2412,0,8,0c:01:4b:43:62:e4,ff:ff:ff:ff:ff:ff,0c:01:4b:43:62:e4,MANB_2.4G,-52,,,1.0,,486,3823,False,False,False,
2026-02-11 21:27:36,2412,2412,0,8,14:ca:56:fc:04:37,ff:ff:ff:ff:ff:ff,14:ca:56:fc:04:37,Slaydude_tgtwifi_2.4G,-40,,,1.0,,496,3863,False,False,False,
2026-02-11 21:27:36,2412,2412,0,8,66:20:e0:46:47:75,ff:ff:ff:ff:ff:ff,66:20:e0:46:47:75,,-68,,,1.0,,423,2179,False,False,False,
2026-02-11 21:27:36,2412,2412,0,8,0c:01:4b:43:62:e4,ff:ff:ff:ff:ff:ff,0c:01:4b:43:62:e4,MANB_2.4G,-54,,,1.0,,486,3824,False,False,False,
2026-02-11 21:27:36,2412,2412,0,8,14:ca:56:fc:04:37,ff:ff:ff:ff:ff:ff,14:ca:56:fc:04:37,Slaydude_tgtwifi_2.4G,-38,,,1.0,,496,3864,False,False,False,
2026-02-11 21:27:36,2412,2412,0,8,66:20:e0:46:47:75,ff:ff:ff:ff:ff:ff,66:20:e0:46:47:75,,-68,,,1.0,,423,2180,False,False,False,
2026-02-11 21:27:36,2412,2412,0,8,fa:8f:ca:7f:c0:c0,ff:ff:ff:ff:ff:ff,fa:8f:ca:7f:c0:c0,Polk MagniFi MAX-9205.l003,-75,,,1.0,,212,3888,False,False,False,
2026-02-11 21:27:36,2412,2412,0,8,0c:01:4b:43:62:e4,ff:ff:ff:ff:ff:ff,0c:01:4b:43:62:e4,MANB_2.4G,-52,,,1.0,,486,3825,False,False,False,
2026-02-11 21:27:36,2412,2412,0,8,14:ca:56:fc:04:37,ff:ff:ff:ff:ff:ff,14:ca:56:fc:04:37,Slaydude_tgtwifi_2.4G,-40,,,1.0,,496,3865,False,False,False,
2026-02-11 21:27:36,2412,2412,0,8,66:20:e0:46:47:75,ff:ff:ff:ff:ff:ff,66:20:e0:46:47:75,,-68,,,1.0,,423,2181,False,False,False,
2026-02-11 21:27:36,2412,2412,0,8,0c:01:4b:43:62:e4,ff:ff:ff:ff:ff:ff,0c:01:4b:43:62:e4,MANB_2.4G,-53,,,1.0,,486,3826,False,False,False,
2026-02-11 21:27:36,2412,2412,0,8,fa:8f:ca:7f:c0:c0,ff:ff:ff:ff:ff:ff,fa:8f:ca:7f:c0:c0,Polk MagniFi MAX-9205.l003,-76,,,1.0,,212,3890,False,False,False,
2026-02-11 21:27:36,2412,2412,0,8,14:ca:56:fc:04:37,ff:ff:ff:ff:ff:ff,14:ca:56:fc:04:37,Slaydude_tgtwifi_2.4G,-40,,,1.0,,496,3866,False,False,False,
2026-02-11 21:27:36,2412,2412,0,8,64:20:e0:e6:47:75,ff:ff:ff:ff:ff:ff,64:20:e0:e6:47:75,NJWifi_2.4G,-68,,,1.0,,500,3703,False,False,False,
2026-02-11 21:27:36,2412,2412,0,8,0c:01:4b:43:62:e4,ff:ff:ff:ff:ff:ff,0c:01:4b:43:62:e4,MANB_2.4G,-54,,,1.0,,486,3827,False,False,False,
2026-02-11 21:27:36,2412,2412,0,8,fa:8f:ca:7f:c0:c0,ff:ff:ff:ff:ff:ff,fa:8f:ca:7f:c0:c0,Polk MagniFi MAX-9205.l003,-76,,,1.0,,212,3891,False,False,False,
2026-02-11 21:27:36,2412,2412,0,8,66:20:e0:46:47:75,ff:ff:ff:ff:ff:ff,66:20:e0:46:47:75,,-68,,,1.0,,423,2183,False,False,False,
2026-02-11 21:27:36,2412,2412,0,8,0c:01:4b:43:62:e4,ff:ff:ff:ff:ff:ff,0c:01:4b:43:62:e4,MANB_2.4G,-55,,,1.0,,486,3828,False,False,False,
2026-02-11 21:27:36,2412,2412,0,8,14:ca:56:fc:04:37,ff:ff:ff:ff:ff:ff,14:ca:56:fc:04:37,Slaydude_tgtwifi_2.4G,-40,,,1.0,,496,3868,False,False,False,
2026-02-11 21:27:36,2412,2412,0,8,0c:01:4b:43:62:e4,ff:ff:ff:ff:ff:ff,0c:01:4b:43:62:e4,MANB_2.4G,-55,,,1.0,,486,3829,False,False,False,
2026-02-11 21:27:36,2412,2412,0,8,14:ca:56:fc:04:37,ff:ff:ff:ff:ff:ff,14:ca:56:fc:04:37,Slaydude_tgtwifi_2.4G,-38,,,1.0,,496,3869,False,False,False,
2026-02-11 21:27:37,2412,2412,0,8,66:20:e0:46:47:75,ff:ff:ff:ff:ff:ff,66:20:e0:46:47:75,,-68,,,1.0,,423,2185,False,False,False,
2026-02-11 21:27:37,2412,2412,0,8,64:20:e0:e6:47:75,ff:ff:ff:ff:ff:ff,64:20:e0:e6:47:75,NJWifi_2.4G,-68,,,1.0,,500,3706,False,False,False,
2026-02-11 21:27:37,2412,2412,0,8,0c:01:4b:43:62:e4,ff:ff:ff:ff:ff:ff,0c:01:4b:43:62:e4,MANB_2.4G,-54,,,1.0,,486,3830,False,False,False,
2026-02-11 21:27:37,2412,2412,0,8,fa:8f:ca:7f:c0:c0,ff:ff:ff:ff:ff:ff,fa:8f:ca:7f:c0:c0,Polk MagniFi MAX-9205.l003,-76,,,1.0,,212,3894,False,False,False,
2026-02-11 21:27:37,2412,2412,0,8,14:ca:56:fc:04:37,ff:ff:ff:ff:ff:ff,14:ca:56:fc:04:37,Slaydude_tgtwifi_2.4G,-40,,,1.0,,496,3870,False,False,False,
2026-02-11 21:27:37,2412,2412,0,8,0c:01:4b:43:62:e4,ff:ff:ff:ff:ff:ff,0c:01:4b:43:62:e4,MANB_2.4G,-52,,,1.0,,486,3831,False,False,False,
2026-02-11 21:27:37,2412,2412,0,8,fa:8f:ca:7f:c0:c0,ff:ff:ff:ff:ff:ff,fa:8f:ca:7f:c0:c0,Polk MagniFi MAX-9205.l003,-77,,,1.0,,212,3895,False,False,False,
2026-02-11 21:27:37,2412,2412,0,8,14:ca:56:fc:04:37,ff:ff:ff:ff:ff:ff,14:ca:56:fc:04:37,Slaydude_tgtwifi_2.4G,-40,,,1.0,,496,3871,False,False,False,
2026-02-11 21:27:37,2412,2412,0,8,66:20:e0:46:47:75,ff:ff:ff:ff:ff:ff,66:20:e0:46:47:75,,-70,,,1.0,,423,2187,False,False,False,
2026-02-11 21:27:37,2412,2412,0,8,64:20:e0:e6:47:75,ff:ff:ff:ff:ff:ff,64:20:e0:e6:47:75,NJWifi_2.4G,-70,,,1.0,,500,3708,False,False,False,
2026-02-11 21:27:37,2412,2412,0,8,0c:01:4b:43:62:e4,ff:ff:ff:ff:ff:ff,0c:01:4b:43:62:e4,MANB_2.4G,-54,,,1.0,,486,3832,False,False,False,
2026-02-11 21:27:37,2412,2412,0,8,fa:8f:ca:7f:c0:c0,ff:ff:ff:ff:ff:ff,fa:8f:ca:7f:c0:c0,Polk MagniFi MAX-9205.l003,-77,,,1.0,,212,3896,False,False,False,
2026-02-11 21:27:37,2412,2412,0,8,66:20:e0:46:47:75,ff:ff:ff:ff:ff:ff,66:20:e0:46:47:75,,-68,,,1.0,,423,2188,False,False,False,
2026-02-11 21:27:37,2412,2412,0,8,14:ca:56:fc:04:37,ff:ff:ff:ff:ff:ff,14:ca:56:fc:04:37,Slaydude_tgtwifi_2.4G,-40,,,1.0,,496,3873,False,False,False,
2026-02-11 21:27:37,2412,2412,0,8,0c:01:4b:43:62:e4,ff:ff:ff:ff:ff:ff,0c:01:4b:43:62:e4,MANB_2.4G,-57,,,1.0,,486,3834,False,False,False,
2026-02-11 21:27:37,2412,2412,0,8,fa:8f:ca:7f:c0:c0,ff:ff:ff:ff:ff:ff,fa:8f:ca:7f:c0:c0,Polk MagniFi MAX-9205.l003,-75,,,1.0,,212,3898,False,False,False,
2026-02-11 21:27:37,2412,2412,0,8,0c:01:4b:43:62:e4,ff:ff:ff:ff:ff:ff,0c:01:4b:43:62:e4,MANB_2.4G,-54,,,1.0,,486,3835,False,False,False,
2026-02-11 21:27:37,2412,2412,0,8,fa:8f:ca:7f:c0:c0,ff:ff:ff:ff:ff:ff,fa:8f:ca:7f:c0:c0,Polk MagniFi MAX-9205.l003,-75,,,1.0,,212,3899,False,False,False,
2026-02-11 21:27:37,2412,2412,0,8,14:ca:56:fc:04:37,ff:ff:ff:ff:ff:ff,14:ca:56:fc:04:37,Slaydude_tgtwifi_2.4G,-41,,,1.0,,496,3875,False,False,False,
2026-02-11 21:27:37,2412,2412,0,8,66:20:e0:46:47:75,ff:ff:ff:ff:ff:ff,66:20:e0:46:47:75,,-67,,,1.0,,423,2191,False,False,False,
2026-02-11 21:27:37,2412,2412,0,8,0c:01:4b:43:62:e4,ff:ff:ff:ff:ff:ff,0c:01:4b:43:62:e4,MANB_2.4G,-54,,,1.0,,486,3836,False,False,False,
2026-02-11 21:27:37,2412,2412,0,8,64:20:e0:e6:47:75,ff:ff:ff:ff:ff:ff,64:20:e0:e6:47:75,NJWifi_2.4G,-70,,,1.0,,500,3713,False,False,False,
2026-02-11 21:27:37,2412,2412,0,8,14:ca:56:fc:04:37,ff:ff:ff:ff:ff:ff,14:ca:56:fc:04:37,Slaydude_tgtwifi_2.4G,-39,,,1.0,,496,3877,False,False,False,
2026-02-11 21:27:37,2412,2412,0,8,66:20:e0:46:47:75,ff:ff:ff:ff:ff:ff,66:20:e0:46:47:75,,-79,,,1.0,,423,2193,False,False,False,
2026-02-11 21:27:37,2412,2412,0,8,64:20:e0:e6:47:75,ff:ff:ff:ff:ff:ff,64:20:e0:e6:47:75,NJWifi_2.4G,-67,,,1.0,,500,3714,False,False,False,
2026-02-11 21:27:37,2412,2412,0,8,0c:01:4b:43:62:e4,ff:ff:ff:ff:ff:ff,0c:01:4b:43:62:e4,MANB_2.4G,-51,,,1.0,,486,3838,False,False,False,
2026-02-11 21:27:37,2412,2412,0,8,14:ca:56:fc:04:37,ff:ff:ff:ff:ff:ff,14:ca:56:fc:04:37,Slaydude_tgtwifi_2.4G,-41,,,1.0,,496,3878,False,False,False,
2026-02-11 21:27:37,2412,2412,0,8,66:20:e0:46:47:75,ff:ff:ff:ff:ff:ff,66:20:e0:46:47:75,,-68,,,1.0,,423,2194,False,False,False,
2026-02-11 21:27:37,2412,2412,0,8,64:20:e0:e6:47:75,ff:ff:ff:ff:ff:ff,64:20:e0:e6:47:75,NJWifi_2.4G,-67,,,1.0,,500,3715,False,False,False,
2026-02-11 21:27:37,2412,2412,0,8,0c:01:4b:43:62:e4,ff:ff:ff:ff:ff:ff,0c:01:4b:43:62:e4,MANB_2.4G,-53,,,1.0,,486,3839,False,False,False,
2026-02-11 21:27:38,2412,2412,0,8,14:ca:56:fc:04:37,ff:ff:ff:ff:ff:ff,14:ca:56:fc:04:37,Slaydude_tgtwifi_2.4G,-41,,,1.0,,496,3879,False,False,False,
2026-02-11 21:27:38,2412,2412,0,8,66:20:e0:46:47:75,ff:ff:ff:ff:ff:ff,66:20:e0:46:47:75,,-68,,,1.0,,423,2195,False,False,False,
2026-02-11 21:27:38,2412,2412,0,8,0c:01:4b:43:62:e4,ff:ff:ff:ff:ff:ff,0c:01:4b:43:62:e4,MANB_2.4G,-53,,,1.0,,486,3840,False,False,False,
2026-02-11 21:27:38,2412,2412,0,8,90:d0:92:16:a8:e1,ff:ff:ff:ff:ff:ff,90:d0:92:16:a8:e1,C_est moi 2G,-85,,,1.0,,436,1533,False,False,False,
2026-02-11 21:27:38,2412,2412,0,8,fa:8f:ca:7f:c0:c0,ff:ff:ff:ff:ff:ff,fa:8f:ca:7f:c0:c0,Polk MagniFi MAX-9205.l003,-76,,,1.0,,212,3904,False,False,False,
2026-02-11 21:27:38,2412,2412,0,8,14:ca:56:fc:04:37,ff:ff:ff:ff:ff:ff,14:ca:56:fc:04:37,Slaydude_tgtwifi_2.4G,-39,,,1.0,,496,3880,False,False,False,
2026-02-11 21:27:38,2412,2412,0,8,66:20:e0:46:47:75,ff:ff:ff:ff:ff:ff,66:20:e0:46:47:75,,-69,,,1.0,,423,2196,False,False,False,
2026-02-11 21:27:38,2412,2412,1,13,,bc:07:1d:4f:ce:76,,,-84,,,1.0,,52,,False,False,False,
2026-02-11 21:27:38,2412,2412,0,8,0c:01:4b:43:62:e4,ff:ff:ff:ff:ff:ff,0c:01:4b:43:62:e4,MANB_2.4G,-53,,,1.0,,486,3841,False,False,False,
2026-02-11 21:27:38,2412,2412,0,5,0c:01:4b:43:62:e4,3c:52:a1:3b:ee:fb,0c:01:4b:43:62:e4,MANB_2.4G,-54,,,1.0,,597,1165,False,False,False,
2026-02-11 21:27:38,2412,2412,0,8,fa:8f:ca:7f:c0:c0,ff:ff:ff:ff:ff:ff,fa:8f:ca:7f:c0:c0,Polk MagniFi MAX-9205.l003,-75,,,1.0,,212,3905,False,False,False,
2026-02-11 21:27:38,2412,2412,0,8,fa:8f:ca:7f:c0:c0,ff:ff:ff:ff:ff:ff,fa:8f:ca:7f:c0:c0,Polk MagniFi MAX-9205.l003,-77,,,1.0,,212,3906,False,False,False,
2026-02-11 21:27:38,2412,2412,0,8,fa:8f:ca:7f:c0:c0,ff:ff:ff:ff:ff:ff,fa:8f:ca:7f:c0:c0,Polk MagniFi MAX-9205.l003,-78,,,1.0,,212,3907,False,False,False,
2026-02-11 21:27:38,2412,2412,0,8,14:ca:56:fc:04:37,ff:ff:ff:ff:ff:ff,14:ca:56:fc:04:37,Slaydude_tgtwifi_2.4G,-40,,,1.0,,496,3883,False,False,False,
2026-02-11 21:27:38,2412,2412,0,8,66:20:e0:46:47:75,ff:ff:ff:ff:ff:ff,66:20:e0:46:47:75,,-70,,,1.0,,423,2199,False,False,False,
2026-02-11 21:27:38,2412,2412,0,8,0c:01:4b:43:62:e4,ff:ff:ff:ff:ff:ff,0c:01:4b:43:62:e4,MANB_2.4G,-55,,,1.0,,486,3844,False,False,False,
2026-02-11 21:27:38,2412,2412,0,8,fa:8f:ca:7f:c0:c0,ff:ff:ff:ff:ff:ff,fa:8f:ca:7f:c0:c0,Polk MagniFi MAX-9205.l003,-79,,,1.0,,212,3908,False,False,False,
2026-02-11 21:27:38,2412,2412,0,8,14:ca:56:fc:04:37,ff:ff:ff:ff:ff:ff,14:ca:56:fc:04:37,Slaydude_tgtwifi_2.4G,-40,,,1.0,,496,3884,False,False,False,
2026-02-11 21:27:38,2412,2412,2,0,90:d0:92:16:a8:e1,01:00:5e:00:00:fb,de:2a:ad:8a:96:a1,,-83,,,1.0,,183,1540,False,False,True,
2026-02-11 21:27:38,2412,2412,0,8,0c:01:4b:43:62:e4,ff:ff:ff:ff:ff:ff,0c:01:4b:43:62:e4,MANB_2.4G,-56,,,1.0,,486,3845,False,False,False,
2026-02-11 21:27:38,2412,2412,2,0,30:16:9d:01:ba:14,ff:ff:ff:ff:ff:ff,44:13:d0:f8:15:5b,,-85,,,1.0,,118,1279,False,False,True,
2026-02-11 21:27:38,2412,2412,0,8,14:ca:56:fc:04:37,ff:ff:ff:ff:ff:ff,14:ca:56:fc:04:37,Slaydude_tgtwifi_2.4G,-40,,,1.0,,496,3885,False,False,False,
2026-02-11 21:27:38,2412,2412,0,8,fa:8f:ca:7f:c0:c0,ff:ff:ff:ff:ff:ff,fa:8f:ca:7f:c0:c0,Polk MagniFi MAX-9205.l003,-77,,,1.0,,212,3909,False,False,False,
2026-02-11 21:27:38,2412,2412,0,8,90:d0:92:16:a8:e1,ff:ff:ff:ff:ff:ff,90:d0:92:16:a8:e1,C_est moi 2G,-83,,,1.0,,436,1543,False,False,False,
2026-02-11 21:27:38,2412,2412,0,8,fa:8f:ca:7f:c0:c0,ff:ff:ff:ff:ff:ff,fa:8f:ca:7f:c0:c0,Polk MagniFi MAX-9205.l003,-77,,,1.0,,212,3910,False,False,False,
2026-02-11 21:27:38,2412,2412,0,8,14:ca:56:fc:04:37,ff:ff:ff:ff:ff:ff,14:ca:56:fc:04:37,Slaydude_tgtwifi_2.4G,-40,,,1.0,,496,3886,False,False,False,
2026-02-11 21:27:38,2412,2412,0,8,0c:01:4b:43:62:e4,ff:ff:ff:ff:ff:ff,0c:01:4b:43:62:e4,MANB_2.4G,-55,,,1.0,,486,3847,False,False,False,
2026-02-11 21:27:38,2412,2412,0,8,90:d0:92:16:a8:e1,ff:ff:ff:ff:ff:ff,90:d0:92:16:a8:e1,C_est moi 2G,-82,,,1.0,,436,1544,False,False,False,
2026-02-11 21:27:38,2412,2412,0,8,fa:8f:ca:7f:c0:c0,ff:ff:ff:ff:ff:ff,fa:8f:ca:7f:c0:c0,Polk MagniFi MAX-9205.l003,-79,,,1.0,,212,3911,False,False,False,
2026-02-11 21:27:38,2412,2412,0,8,14:ca:56:fc:04:37,ff:ff:ff:ff:ff:ff,14:ca:56:fc:04:37,Slaydude_tgtwifi_2.4G,-40,,,1.0,,496,3887,False,False,False,
2026-02-11 21:27:38,2412,2412,0,8,90:d0:92:16:a8:e1,ff:ff:ff:ff:ff:ff,90:d0:92:16:a8:e1,C_est moi 2G,-81,,,1.0,,436,1545,False,False,False,
2026-02-11 21:27:38,2412,2412,0,8,66:20:e0:46:47:75,ff:ff:ff:ff:ff:ff,66:20:e0:46:47:75,,-69,,,1.0,,423,2204,False,False,False,
2026-02-11 21:27:38,2412,2412,0,8,0c:01:4b:43:62:e4,ff:ff:ff:ff:ff:ff,0c:01:4b:43:62:e4,MANB_2.4G,-56,,,1.0,,486,3849,False,False,False,
2026-02-11 21:27:39,2412,2412,0,8,90:d0:92:16:a8:e1,ff:ff:ff:ff:ff:ff,90:d0:92:16:a8:e1,C_est moi 2G,-81,,,1.0,,436,1546,False,False,False,
2026-02-11 21:27:39,2412,2412,0,8,fa:8f:ca:7f:c0:c0,ff:ff:ff:ff:ff:ff,fa:8f:ca:7f:c0:c0,Polk MagniFi MAX-9205.l003,-77,,,1.0,,212,3913,False,False,False,
2026-02-11 21:27:39,2412,2412,0,8,64:20:e0:e6:47:75,ff:ff:ff:ff:ff:ff,64:20:e0:e6:47:75,NJWifi_2.4G,-68,,,1.0,,500,3726,False,False,False,
2026-02-11 21:27:39,2412,2412,0,8,fa:8f:ca:7f:c0:c0,ff:ff:ff:ff:ff:ff,fa:8f:ca:7f:c0:c0,Polk MagniFi MAX-9205.l003,-77,,,1.0,,212,3914,False,False,False,
2026-02-11 21:27:39,2412,2412,0,8,14:ca:56:fc:04:37,ff:ff:ff:ff:ff:ff,14:ca:56:fc:04:37,Slaydude_tgtwifi_2.4G,-39,,,1.0,,496,3890,False,False,False,
2026-02-11 21:27:39,2412,2412,0,8,66:20:e0:46:47:75,ff:ff:ff:ff:ff:ff,66:20:e0:46:47:75,,-68,,,1.0,,423,2206,False,False,False,
2026-02-11 21:27:39,2412,2412,0,8,64:20:e0:e6:47:75,ff:ff:ff:ff:ff:ff,64:20:e0:e6:47:75,NJWifi_2.4G,-69,,,1.0,,500,3727,False,False,False,
2026-02-11 21:27:39,2412,2412,0,8,0c:01:4b:43:62:e4,ff:ff:ff:ff:ff:ff,0c:01:4b:43:62:e4,MANB_2.4G,-55,,,1.0,,486,3851,False,False,False,
2026-02-11 21:27:39,2412,2412,0,8,90:d0:92:16:a8:e1,ff:ff:ff:ff:ff:ff,90:d0:92:16:a8:e1,C_est moi 2G,-82,,,1.0,,436,1548,False,False,False,
2026-02-11 21:27:39,2412,2412,0,8,fa:8f:ca:7f:c0:c0,ff:ff:ff:ff:ff:ff,fa:8f:ca:7f:c0:c0,Polk MagniFi MAX-9205.l003,-77,,,1.0,,212,3915,False,False,False,
2026-02-11 21:27:39,2412,2412,0,8,14:ca:56:fc:04:37,ff:ff:ff:ff:ff:ff,14:ca:56:fc:04:37,Slaydude_tgtwifi_2.4G,-42,,,1.0,,496,3891,False,False,False,
2026-02-11 21:27:39,2412,2412,0,8,0c:01:4b:43:62:e4,ff:ff:ff:ff:ff:ff,0c:01:4b:43:62:e4,MANB_2.4G,-54,,,1.0,,486,3852,False,False,False,
2026-02-11 21:27:39,2412,2412,1,13,,92:24:71:cb:ee:c3,,,-55,,,1.0,,52,,False,False,False,
2026-02-11 21:27:39,2412,2412,0,8,14:ca:56:fc:04:37,ff:ff:ff:ff:ff:ff,14:ca:56:fc:04:37,Slaydude_tgtwifi_2.4G,-40,,,1.0,,496,3892,False,False,False,
2026-02-11 21:27:39,2412,2412,0,8,fa:8f:ca:7f:c0:c0,ff:ff:ff:ff:ff:ff,fa:8f:ca:7f:c0:c0,Polk MagniFi MAX-9205.l003,-75,,,1.0,,212,3917,False,False,False,
2026-02-11 21:27:39,2412,2412,0,8,0c:01:4b:43:62:e4,ff:ff:ff:ff:ff:ff,0c:01:4b:43:62:e4,MANB_2.4G,-55,,,1.0,,486,3854,False,False,False,
2026-02-11 21:27:39,2412,2412,2,0,30:16:9d:01:ba:14,33:33:00:00:00:fb,c0:17:54:80:8b:8a,,-85,,,1.0,,261,1283,False,False,True,
2026-02-11 21:27:39,2412,2412,0,8,14:ca:56:fc:04:37,ff:ff:ff:ff:ff:ff,14:ca:56:fc:04:37,Slaydude_tgtwifi_2.4G,-40,,,1.0,,496,3894,False,False,False,
2026-02-11 21:27:39,2412,2412,0,8,66:20:e0:46:47:75,ff:ff:ff:ff:ff:ff,66:20:e0:46:47:75,,-67,,,1.0,,423,2210,False,False,False,
2026-02-11 21:27:39,2412,2412,0,8,0c:01:4b:43:62:e4,ff:ff:ff:ff:ff:ff,0c:01:4b:43:62:e4,MANB_2.4G,-55,,,1.0,,486,3855,False,False,False,
2026-02-11 21:27:39,2412,2412,0,8,fa:8f:ca:7f:c0:c0,ff:ff:ff:ff:ff:ff,fa:8f:ca:7f:c0:c0,Polk MagniFi MAX-9205.l003,-75,,,1.0,,212,3919,False,False,False,
2026-02-11 21:27:39,2412,2412,0,8,14:ca:56:fc:04:37,ff:ff:ff:ff:ff:ff,14:ca:56:fc:04:37,Slaydude_tgtwifi_2.4G,-40,,,1.0,,496,3895,False,False,False,
2026-02-11 21:27:39,2412,2412,0,8,64:20:e0:e6:47:75,ff:ff:ff:ff:ff:ff,64:20:e0:e6:47:75,NJWifi_2.4G,-70,,,1.0,,500,3732,False,False,False,
2026-02-11 21:27:39,2412,2412,2,0,90:d0:92:16:a8:e1,01:80:c2:00:00:00,90:d0:92:16:a8:e1,,-75,,,1.0,,124,1554,False,False,True,
2026-02-11 21:27:39,2412,2412,0,8,0c:01:4b:43:62:e4,ff:ff:ff:ff:ff:ff,0c:01:4b:43:62:e4,MANB_2.4G,-52,,,1.0,,486,3856,False,False,False,
2026-02-11 21:27:39,2412,2412,0,8,66:20:e0:46:47:75,ff:ff:ff:ff:ff:ff,66:20:e0:46:47:75,,-68,,,1.0,,423,2212,False,False,False,
2026-02-11 21:27:39,2412,2412,0,8,64:20:e0:e6:47:75,ff:ff:ff:ff:ff:ff,64:20:e0:e6:47:75,NJWifi_2.4G,-71,,,1.0,,500,3733,False,False,False,
2026-02-11 21:27:39,2412,2412,0,8,90:d0:92:16:a8:e1,ff:ff:ff:ff:ff:ff,90:d0:92:16:a8:e1,C_est moi 2G,-82,,,1.0,,436,1556,False,False,False,
2026-02-11 21:27:39,2412,2412,0,8,14:ca:56:fc:04:37,ff:ff:ff:ff:ff:ff,14:ca:56:fc:04:37,Slaydude_tgtwifi_2.4G,-39,,,1.0,,496,3897,False,False,False,
2026-02-11 21:27:39,2412,2412,0,8,0c:01:4b:43:62:e4,ff:ff:ff:ff:ff:ff,0c:01:4b:43:62:e4,MANB_2.4G,-55,,,1.0,,486,3858,False,False,False,
2026-02-11 21:27:39,2412,2412,0,8,fa:8f:ca:7f:c0:c0,ff:ff:ff:ff:ff:ff,fa:8f:ca:7f:c0:c0,Polk MagniFi MAX-9205.l003,-76,,,1.0,,212,3922,False,False,False,
2026-02-11 21:27:39,2412,2412,0,8,14:ca:56:fc:04:37,ff:ff:ff:ff:ff:ff,14:ca:56:fc:04:37,Slaydude_tgtwifi_2.4G,-40,,,1.0,,496,3898,False,False,False,
2026-02-11 21:27:39,2412,2412,0,8,66:20:e0:46:47:75,ff:ff:ff:ff:ff:ff,66:20:e0:46:47:75,,-71,,,1.0,,423,2214,False,False,False,
2026-02-11 21:27:39,2412,2412,0,8,64:20:e0:e6:47:75,ff:ff:ff:ff:ff:ff,64:20:e0:e6:47:75,NJWifi_2.4G,-70,,,1.0,,500,3735,False,False,False,
2026-02-11 21:27:40,2412,2412,0,8,0c:01:4b:43:62:e4,ff:ff:ff:ff:ff:ff,0c:01:4b:43:62:e4,MANB_2.4G,-53,,,1.0,,486,3859,False,False,False,
2026-02-11 21:27:40,2412,2412,2,0,30:16:9d:01:ba:14,ff:ff:ff:ff:ff:ff,30:16:9d:01:ba:14,,-83,,,1.0,,118,1287,False,False,True,
2026-02-11 21:27:40,2412,2412,2,0,30:16:9d:01:ba:14,ff:ff:ff:ff:ff:ff,30:16:9d:01:ba:14,,-85,,,1.0,,118,1289,False,False,True,
2026-02-11 21:27:40,2412,2412,0,8,14:ca:56:fc:04:37,ff:ff:ff:ff:ff:ff,14:ca:56:fc:04:37,Slaydude_tgtwifi_2.4G,-40,,,1.0,,496,3899,False,False,False,
2026-02-11 21:27:40,2412,2412,0,8,0c:01:4b:43:62:e4,ff:ff:ff:ff:ff:ff,0c:01:4b:43:62:e4,MANB_2.4G,-56,,,1.0,,486,3860,False,False,False,
2026-02-11 21:27:40,2412,2412,0,8,14:ca:56:fc:04:37,ff:ff:ff:ff:ff:ff,14:ca:56:fc:04:37,Slaydude_tgtwifi_2.4G,-41,,,1.0,,496,3900,False,False,False,
2026-02-11 21:27:40,2412,2412,0,8,66:20:e0:46:47:75,ff:ff:ff:ff:ff:ff,66:20:e0:46:47:75,,-73,,,1.0,,423,2216,False,False,False,
2026-02-11 21:27:40,2412,2412,0,8,64:20:e0:e6:47:75,ff:ff:ff:ff:ff:ff,64:20:e0:e6:47:75,NJWifi_2.4G,-70,,,1.0,,500,3737,False,False,False,
2026-02-11 21:27:40,2412,2412,0,8,0c:01:4b:43:62:e4,ff:ff:ff:ff:ff:ff,0c:01:4b:43:62:e4,MANB_2.4G,-53,,,1.0,,486,3861,False,False,False,
2026-02-11 21:27:40,2412,2412,0,8,90:d0:92:16:a8:e1,ff:ff:ff:ff:ff:ff,90:d0:92:16:a8:e1,C_est moi 2G,-82,,,1.0,,436,1560,False,False,False,
2026-02-11 21:27:40,2412,2412,2,4,c4:3c:b0:dd:ed:9f,9c:6f:52:fc:7f:5e,9c:6f:52:fc:7f:5e,,-83,,,1.0,,66,16,True,True,False,
2026-02-11 21:27:40,2412,2412,2,4,c4:3c:b0:dd:ed:9f,9c:6f:52:fc:7f:5e,9c:6f:52:fc:7f:5e,,-83,,,1.0,,66,17,False,True,False,
2026-02-11 21:27:40,2412,2412,0,8,0c:01:4b:43:62:e4,ff:ff:ff:ff:ff:ff,0c:01:4b:43:62:e4,MANB_2.4G,-54,,,1.0,,486,3862,False,False,False,
2026-02-11 21:27:40,2412,2412,0,8,fa:8f:ca:7f:c0:c0,ff:ff:ff:ff:ff:ff,fa:8f:ca:7f:c0:c0,Polk MagniFi MAX-9205.l003,-74,,,1.0,,212,3926,False,False,False,
2026-02-11 21:27:40,2412,2412,0,8,14:ca:56:fc:04:37,ff:ff:ff:ff:ff:ff,14:ca:56:fc:04:37,Slaydude_tgtwifi_2.4G,-40,,,1.0,,496,3902,False,False,False,
2026-02-11 21:27:40,2412,2412,0,8,66:20:e0:46:47:75,ff:ff:ff:ff:ff:ff,66:20:e0:46:47:75,,-70,,,1.0,,423,2218,False,False,False,
2026-02-11 21:27:40,2412,2412,0,8,0c:01:4b:43:62:e4,ff:ff:ff:ff:ff:ff,0c:01:4b:43:62:e4,MANB_2.4G,-55,,,1.0,,486,3863,False,False,False,
2026-02-11 21:27:40,2412,2412,0,8,14:ca:56:fc:04:37,ff:ff:ff:ff:ff:ff,14:ca:56:fc:04:37,Slaydude_tgtwifi_2.4G,-41,,,1.0,,496,3903,False,False,False,
2026-02-11 21:27:40,2412,2412,0,8,14:ca:56:fc:04:37,ff:ff:ff:ff:ff:ff,14:ca:56:fc:04:37,Slaydude_tgtwifi_2.4G,-41,,,1.0,,496,3904,False,False,False,
2026-02-11 21:27:40,2412,2412,0,8,0c:01:4b:43:62:e4,ff:ff:ff:ff:ff:ff,0c:01:4b:43:62:e4,MANB_2.4G,-52,,,1.0,,486,3865,False,False,False,
2026-02-11 21:27:40,2412,2412,0,8,fa:8f:ca:7f:c0:c0,ff:ff:ff:ff:ff:ff,fa:8f:ca:7f:c0:c0,Polk MagniFi MAX-9205.l003,-73,,,1.0,,212,3929,False,False,False,
2026-02-11 21:27:40,2412,2412,0,8,14:ca:56:fc:04:37,ff:ff:ff:ff:ff:ff,14:ca:56:fc:04:37,Slaydude_tgtwifi_2.4G,-41,,,1.0,,496,3905,False,False,False,
2026-02-11 21:27:40,2412,2412,0,8,66:20:e0:46:47:75,ff:ff:ff:ff:ff:ff,66:20:e0:46:47:75,,-69,,,1.0,,423,2221,False,False,False,
2026-02-11 21:27:40,2412,2412,1,13,,1e:fe:76:1f:73:5b,,,-84,,,1.0,,52,,False,False,False,
2026-02-11 21:27:40,2412,2412,0,8,90:d0:92:16:a8:e1,ff:ff:ff:ff:ff:ff,90:d0:92:16:a8:e1,C_est moi 2G,-81,,,1.0,,436,1565,False,False,False,
2026-02-11 21:27:40,2412,2412,0,8,fa:8f:ca:7f:c0:c0,ff:ff:ff:ff:ff:ff,fa:8f:ca:7f:c0:c0,Polk MagniFi MAX-9205.l003,-73,,,1.0,,212,3930,False,False,False,
2026-02-11 21:27:40,2412,2412,0,8,14:ca:56:fc:04:37,ff:ff:ff:ff:ff:ff,14:ca:56:fc:04:37,Slaydude_tgtwifi_2.4G,-42,,,1.0,,496,3906,False,False,False,
2026-02-11 21:27:40,2412,2412,0,8,66:20:e0:46:47:75,ff:ff:ff:ff:ff:ff,66:20:e0:46:47:75,,-69,,,1.0,,423,2222,False,False,False,
2026-02-11 21:27:40,2412,2412,0,8,64:20:e0:e6:47:75,ff:ff:ff:ff:ff:ff,64:20:e0:e6:47:75,NJWifi_2.4G,-71,,,1.0,,500,3743,False,False,False,
2026-02-11 21:27:40,2412,2412,0,8,0c:01:4b:43:62:e4,ff:ff:ff:ff:ff:ff,0c:01:4b:43:62:e4,MANB_2.4G,-55,,,1.0,,486,3868,False,False,False,
2026-02-11 21:27:40,2412,2412,0,8,90:d0:92:16:a8:e1,ff:ff:ff:ff:ff:ff,90:d0:92:16:a8:e1,C_est moi 2G,-85,,,1.0,,436,1566,False,False,False,
2026-02-11 21:27:40,2412,2412,0,8,fa:8f:ca:7f:c0:c0,ff:ff:ff:ff:ff:ff,fa:8f:ca:7f:c0:c0,Polk MagniFi MAX-9205.l003,-74,,,1.0,,212,3931,False,False,False,
2026-02-11 21:27:40,2412,2412,0,8,14:ca:56:fc:04:37,ff:ff:ff:ff:ff:ff,14:ca:56:fc:04:37,Slaydude_tgtwifi_2.4G,-41,,,1.0,,496,3907,False,False,False,
2026-02-11 21:27:40,2412,2412,0,8,64:20:e0:e6:47:75,ff:ff:ff:ff:ff:ff,64:20:e0:e6:47:75,NJWifi_2.4G,-72,,,1.0,,500,3744,False,False,False,
2026-02-11 21:27:40,2412,2412,0,8,0c:01:4b:43:62:e4,ff:ff:ff:ff:ff:ff,0c:01:4b:43:62:e4,MANB_2.4G,-54,,,1.0,,486,3869,False,False,False,
2026-02-11 21:27:40,2412,2412,0,8,90:d0:92:16:a8:e1,ff:ff:ff:ff:ff:ff,90:d0:92:16:a8:e1,C_est moi 2G,-82,,,1.0,,436,1567,False,False,False,
2026-02-11 21:27:40,2412,2412,0,8,fa:8f:ca:7f:c0:c0,ff:ff:ff:ff:ff:ff,fa:8f:ca:7f:c0:c0,Polk MagniFi MAX-9205.l003,-73,,,1.0,,212,3932,False,False,False,
2026-02-11 21:27:41,2412,2412,0,8,0c:01:4b:43:62:e4,ff:ff:ff:ff:ff:ff,0c:01:4b:43:62:e4,MANB_2.4G,-54,,,1.0,,486,3870,False,False,False,
2026-02-11 21:27:41,2412,2412,2,0,30:16:9d:01:ba:14,ff:ff:ff:ff:ff:ff,30:16:9d:01:ba:14,,-87,,,1.0,,118,1293,False,False,True,
2026-02-11 21:27:41,2412,2412,0,8,14:ca:56:fc:04:37,ff:ff:ff:ff:ff:ff,14:ca:56:fc:04:37,Slaydude_tgtwifi_2.4G,-41,,,1.0,,496,3909,False,False,False,
2026-02-11 21:27:41,2412,2412,0,8,66:20:e0:46:47:75,ff:ff:ff:ff:ff:ff,66:20:e0:46:47:75,,-68,,,1.0,,423,2225,False,False,False,
2026-02-11 21:27:41,2412,2412,0,8,0c:01:4b:43:62:e4,ff:ff:ff:ff:ff:ff,0c:01:4b:43:62:e4,MANB_2.4G,-56,,,1.0,,486,3871,False,False,False,
2026-02-11 21:27:41,2412,2412,0,8,90:d0:92:16:a8:e1,ff:ff:ff:ff:ff:ff,90:d0:92:16:a8:e1,C_est moi 2G,-83,,,1.0,,436,1569,False,False,False,
2026-02-11 21:27:41,2412,2412,0,8,14:ca:56:fc:04:37,ff:ff:ff:ff:ff:ff,14:ca:56:fc:04:37,Slaydude_tgtwifi_2.4G,-41,,,1.0,,496,3910,False,False,False,
2026-02-11 21:27:41,2412,2412,0,8,66:20:e0:46:47:75,ff:ff:ff:ff:ff:ff,66:20:e0:46:47:75,,-69,,,1.0,,423,2226,False,False,False,
2026-02-11 21:27:41,2412,2412,0,8,0c:01:4b:43:62:e4,ff:ff:ff:ff:ff:ff,0c:01:4b:43:62:e4,MANB_2.4G,-57,,,1.0,,486,3872,False,False,False,
2026-02-11 21:27:41,2412,2412,0,8,fa:8f:ca:7f:c0:c0,ff:ff:ff:ff:ff:ff,fa:8f:ca:7f:c0:c0,Polk MagniFi MAX-9205.l003,-73,,,1.0,,212,3935,False,False,False,
2026-02-11 21:27:41,2412,2412,0,8,66:20:e0:46:47:75,ff:ff:ff:ff:ff:ff,66:20:e0:46:47:75,,-69,,,1.0,,423,2227,False,False,False,
2026-02-11 21:27:41,2412,2412,0,8,66:20:e0:46:47:75,ff:ff:ff:ff:ff:ff,66:20:e0:46:47:75,,-69,,,1.0,,423,2228,False,False,False,
2026-02-11 21:27:41,2412,2412,0,8,90:d0:92:16:a8:e1,ff:ff:ff:ff:ff:ff,90:d0:92:16:a8:e1,C_est moi 2G,-83,,,1.0,,436,1572,False,False,False,
2026-02-11 21:27:41,2412,2412,0,8,fa:8f:ca:7f:c0:c0,ff:ff:ff:ff:ff:ff,fa:8f:ca:7f:c0:c0,Polk MagniFi MAX-9205.l003,-73,,,1.0,,212,3937,False,False,False,
2026-02-11 21:27:41,2412,2412,0,8,0c:01:4b:43:62:e4,ff:ff:ff:ff:ff:ff,0c:01:4b:43:62:e4,MANB_2.4G,-56,,,1.0,,486,3875,False,False,False,
2026-02-11 21:27:41,2412,2412,0,8,fa:8f:ca:7f:c0:c0,ff:ff:ff:ff:ff:ff,fa:8f:ca:7f:c0:c0,Polk MagniFi MAX-9205.l003,-73,,,1.0,,212,3938,False,False,False,
2026-02-11 21:27:41,2412,2412,0,8,66:20:e0:46:47:75,ff:ff:ff:ff:ff:ff,66:20:e0:46:47:75,,-67,,,1.0,,423,2231,False,False,False,
2026-02-11 21:27:41,2412,2412,0,8,64:20:e0:e6:47:75,ff:ff:ff:ff:ff:ff,64:20:e0:e6:47:75,NJWifi_2.4G,-67,,,1.0,,500,3752,False,False,False,
2026-02-11 21:27:41,2412,2412,2,0,30:16:9d:01:ba:14,ff:ff:ff:ff:ff:ff,24:dc:c3:48:54:50,,-88,,,1.0,,322,1295,False,False,True,
2026-02-11 21:27:41,2412,2412,0,8,fa:8f:ca:7f:c0:c0,ff:ff:ff:ff:ff:ff,fa:8f:ca:7f:c0:c0,Polk MagniFi MAX-9205.l003,-74,,,1.0,,212,3940,False,False,False,
2026-02-11 21:27:41,2412,2412,0,8,14:ca:56:fc:04:37,ff:ff:ff:ff:ff:ff,14:ca:56:fc:04:37,Slaydude_tgtwifi_2.4G,-41,,,1.0,,496,3916,False,False,False,
2026-02-11 21:27:41,2412,2412,0,8,0c:01:4b:43:62:e4,ff:ff:ff:ff:ff:ff,0c:01:4b:43:62:e4,MANB_2.4G,-56,,,1.0,,486,3878,False,False,False,
2026-02-11 21:27:41,2412,2412,0,8,90:d0:92:16:a8:e1,ff:ff:ff:ff:ff:ff,90:d0:92:16:a8:e1,C_est moi 2G,-81,,,1.0,,436,1577,False,False,False,
2026-02-11 21:27:41,2412,2412,0,8,fa:8f:ca:7f:c0:c0,ff:ff:ff:ff:ff:ff,fa:8f:ca:7f:c0:c0,Polk MagniFi MAX-9205.l003,-74,,,1.0,,212,3941,False,False,False,
2026-02-11 21:27:41,2412,2412,0,8,14:ca:56:fc:04:37,ff:ff:ff:ff:ff:ff,14:ca:56:fc:04:37,Slaydude_tgtwifi_2.4G,-41,,,1.0,,496,3917,False,False,False,
2026-02-11 21:27:41,2412,2412,0,8,66:20:e0:46:47:75,ff:ff:ff:ff:ff:ff,66:20:e0:46:47:75,,-70,,,1.0,,423,2233,False,False,False,
2026-02-11 21:27:41,2412,2412,0,8,fa:8f:ca:7f:c0:c0,ff:ff:ff:ff:ff:ff,fa:8f:ca:7f:c0:c0,Polk MagniFi MAX-9205.l003,-73,,,1.0,,212,3942,False,False,False,
2026-02-11 21:27:42,2412,2412,0,8,14:ca:56:fc:04:37,ff:ff:ff:ff:ff:ff,14:ca:56:fc:04:37,Slaydude_tgtwifi_2.4G,-41,,,1.0,,496,3918,False,False,False,
2026-02-11 21:27:42,2412,2412,0,8,64:20:e0:e6:47:75,ff:ff:ff:ff:ff:ff,64:20:e0:e6:47:75,NJWifi_2.4G,-71,,,1.0,,500,3755,False,False,False,
2026-02-11 21:27:42,2412,2412,0,8,0c:01:4b:43:62:e4,ff:ff:ff:ff:ff:ff,0c:01:4b:43:62:e4,MANB_2.4G,-54,,,1.0,,486,3880,False,False,False,
2026-02-11 21:27:42,2412,2412,0,8,14:ca:56:fc:04:37,ff:ff:ff:ff:ff:ff,14:ca:56:fc:04:37,Slaydude_tgtwifi_2.4G,-41,,,1.0,,496,3919,False,False,False,
2026-02-11 21:27:42,2412,2412,0,8,66:20:e0:46:47:75,ff:ff:ff:ff:ff:ff,66:20:e0:46:47:75,,-70,,,1.0,,423,2235,False,False,False,
2026-02-11 21:27:42,2412,2412,0,8,fa:8f:ca:7f:c0:c0,ff:ff:ff:ff:ff:ff,fa:8f:ca:7f:c0:c0,Polk MagniFi MAX-9205.l003,-73,,,1.0,,212,3944,False,False,False,
2026-02-11 21:27:42,2412,2412,0,8,14:ca:56:fc:04:37,ff:ff:ff:ff:ff:ff,14:ca:56:fc:04:37,Slaydude_tgtwifi_2.4G,-41,,,1.0,,496,3920,False,False,False,
2026-02-11 21:27:42,2412,2412,0,8,0c:01:4b:43:62:e4,ff:ff:ff:ff:ff:ff,0c:01:4b:43:62:e4,MANB_2.4G,-56,,,1.0,,486,3882,False,False,False,
2026-02-11 21:27:42,2412,2412,0,8,fa:8f:ca:7f:c0:c0,ff:ff:ff:ff:ff:ff,fa:8f:ca:7f:c0:c0,Polk MagniFi MAX-9205.l003,-73,,,1.0,,212,3945,False,False,False,
2026-02-11 21:27:42,2412,2412,0,8,64:20:e0:e6:47:75,ff:ff:ff:ff:ff:ff,64:20:e0:e6:47:75,NJWifi_2.4G,-71,,,1.0,,500,3758,False,False,False,
2026-02-11 21:27:42,2412,2412,0,8,0c:01:4b:43:62:e4,ff:ff:ff:ff:ff:ff,0c:01:4b:43:62:e4,MANB_2.4G,-55,,,1.0,,486,3883,False,False,False,
2026-02-11 21:27:42,2412,2412,0,8,90:d0:92:16:a8:e1,ff:ff:ff:ff:ff:ff,90:d0:92:16:a8:e1,C_est moi 2G,-82,,,1.0,,436,1582,False,False,False,
2026-02-11 21:27:42,2412,2412,0,8,14:ca:56:fc:04:37,ff:ff:ff:ff:ff:ff,14:ca:56:fc:04:37,Slaydude_tgtwifi_2.4G,-42,,,1.0,,496,3922,False,False,False,
2026-02-11 21:27:42,2412,2412,0,8,90:d0:92:16:a8:e1,ff:ff:ff:ff:ff:ff,90:d0:92:16:a8:e1,C_est moi 2G,-83,,,1.0,,436,1583,False,False,False,
2026-02-11 21:27:42,2412,2412,0,8,fa:8f:ca:7f:c0:c0,ff:ff:ff:ff:ff:ff,fa:8f:ca:7f:c0:c0,Polk MagniFi MAX-9205.l003,-73,,,1.0,,212,3947,False,False,False,
2026-02-11 21:27:42,2412,2412,0,8,14:ca:56:fc:04:37,ff:ff:ff:ff:ff:ff,14:ca:56:fc:04:37,Slaydude_tgtwifi_2.4G,-41,,,1.0,,496,3923,False,False,False,
2026-02-11 21:27:42,2412,2412,2,4,c4:3c:b0:dd:ed:9f,9c:6f:52:fc:7f:5e,9c:6f:52:fc:7f:5e,,-77,,,1.0,,66,19,False,True,False,
2026-02-11 21:27:42,2412,2412,0,8,0c:01:4b:43:62:e4,ff:ff:ff:ff:ff:ff,0c:01:4b:43:62:e4,MANB_2.4G,-56,,,1.0,,486,3885,False,False,False,
2026-02-11 21:27:42,2412,2412,0,8,fa:8f:ca:7f:c0:c0,ff:ff:ff:ff:ff:ff,fa:8f:ca:7f:c0:c0,Polk MagniFi MAX-9205.l003,-73,,,1.0,,212,3948,False,False,False,
2026-02-11 21:27:42,2412,2412,0,8,14:ca:56:fc:04:37,ff:ff:ff:ff:ff:ff,14:ca:56:fc:04:37,Slaydude_tgtwifi_2.4G,-41,,,1.0,,496,3924,False,False,False,
2026-02-11 21:27:42,2412,2412,0,8,64:20:e0:e6:47:75,ff:ff:ff:ff:ff:ff,64:20:e0:e6:47:75,NJWifi_2.4G,-71,,,1.0,,500,3761,False,False,False,
2026-02-11 21:27:42,2412,2412,0,8,90:d0:92:16:a8:e1,ff:ff:ff:ff:ff:ff,90:d0:92:16:a8:e1,C_est moi 2G,-82,,,1.0,,436,1585,False,False,False,
2026-02-11 21:27:42,2412,2412,0,8,fa:8f:ca:7f:c0:c0,ff:ff:ff:ff:ff:ff,fa:8f:ca:7f:c0:c0,Polk MagniFi MAX-9205.l003,-73,,,1.0,,212,3949,False,False,False,
2026-02-11 21:27:42,2412,2412,0,8,14:ca:56:fc:04:37,ff:ff:ff:ff:ff:ff,14:ca:56:fc:04:37,Slaydude_tgtwifi_2.4G,-42,,,1.0,,496,3925,False,False,False,
2026-02-11 21:27:42,2412,2412,0,8,66:20:e0:46:47:75,ff:ff:ff:ff:ff:ff,66:20:e0:46:47:75,,-71,,,1.0,,423,2241,False,False,False,
2026-02-11 21:27:42,2412,2412,0,8,0c:01:4b:43:62:e4,ff:ff:ff:ff:ff:ff,0c:01:4b:43:62:e4,MANB_2.4G,-56,,,1.0,,486,3887,False,False,False,
2026-02-11 21:27:42,2412,2412,2,0,30:16:9d:01:ba:14,ff:ff:ff:ff:ff:ff,44:13:d0:f8:15:5b,,-86,,,1.0,,118,1300,False,False,True,
2026-02-11 21:27:42,2412,2412,0,8,fa:8f:ca:7f:c0:c0,ff:ff:ff:ff:ff:ff,fa:8f:ca:7f:c0:c0,Polk MagniFi MAX-9205.l003,-73,,,1.0,,212,3950,False,False,False,
2026-02-11 21:27:42,2412,2412,0,8,14:ca:56:fc:04:37,ff:ff:ff:ff:ff:ff,14:ca:56:fc:04:37,Slaydude_tgtwifi_2.4G,-40,,,1.0,,496,3926,False,False,False,
2026-02-11 21:27:42,2412,2412,0,8,66:20:e0:46:47:75,ff:ff:ff:ff:ff:ff,66:20:e0:46:47:75,,-70,,,1.0,,423,2242,False,False,False,
2026-02-11 21:27:42,2412,2412,0,8,64:20:e0:e6:47:75,ff:ff:ff:ff:ff:ff,64:20:e0:e6:47:75,NJWifi_2.4G,-69,,,1.0,,500,3763,False,False,False,
2026-02-11 21:27:42,2412,2412,0,8,fa:8f:ca:7f:c0:c0,ff:ff:ff:ff:ff:ff,fa:8f:ca:7f:c0:c0,Polk MagniFi MAX-9205.l003,-74,,,1.0,,212,3951,False,False,False,
2026-02-11 21:27:42,2412,2412,0,8,14:ca:56:fc:04:37,ff:ff:ff:ff:ff:ff,14:ca:56:fc:04:37,Slaydude_tgtwifi_2.4G,-42,,,1.0,,496,3927,False,False,False,
2026-02-11 21:27:42,2412,2412,0,8,0c:01:4b:43:62:e4,ff:ff:ff:ff:ff:ff,0c:01:4b:43:62:e4,MANB_2.4G,-55,,,1.0,,486,3889,False,False,False,
2026-02-11 21:27:43,2412,2412,0,8,90:d0:92:16:a8:e1,ff:ff:ff:ff:ff:ff,90:d0:92:16:a8:e1,C_est moi 2G,-82,,,1.0,,436,1588,False,False,False,
2026-02-11 21:27:43,2412,2412,0,8,fa:8f:ca:7f:c0:c0,ff:ff:ff:ff:ff:ff,fa:8f:ca:7f:c0:c0,Polk MagniFi MAX-9205.l003,-73,,,1.0,,212,3952,False,False,False,
2026-02-11 21:27:43,2412,2412,0,8,66:20:e0:46:47:75,ff:ff:ff:ff:ff:ff,66:20:e0:46:47:75,,-69,,,1.0,,423,2244,False,False,False,
2026-02-11 21:27:43,2412,2412,0,8,14:ca:56:fc:04:37,ff:ff:ff:ff:ff:ff,14:ca:56:fc:04:37,Slaydude_tgtwifi_2.4G,-41,,,1.0,,496,3929,False,False,False,
2026-02-11 21:27:43,2412,2412,0,8,64:20:e0:e6:47:75,ff:ff:ff:ff:ff:ff,64:20:e0:e6:47:75,NJWifi_2.4G,-70,,,1.0,,500,3766,False,False,False,
2026-02-11 21:27:43,2412,2412,0,8,fa:8f:ca:7f:c0:c0,ff:ff:ff:ff:ff:ff,fa:8f:ca:7f:c0:c0,Polk MagniFi MAX-9205.l003,-73,,,1.0,,212,3953,False,False,False,
2026-02-11 21:27:43,2412,2412,0,8,14:ca:56:fc:04:37,ff:ff:ff:ff:ff:ff,14:ca:56:fc:04:37,Slaydude_tgtwifi_2.4G,-41,,,1.0,,496,3930,False,False,False,
2026-02-11 21:27:43,2412,2412,0,8,66:20:e0:46:47:75,ff:ff:ff:ff:ff:ff,66:20:e0:46:47:75,,-69,,,1.0,,423,2246,False,False,False,
